0,1,2,3,4,5
DEGREE PROGRAMMES CLUSTERS,,,,,
CLUSTER,"SUB-
PROGRAMMES AND SUBJECT REQUIREMENTS
CLUSTER",,,,
1,1A,"Subject 1
ENG/KIS","Subject 2
MAT ALTERNATIVE A/MAT
ALTERNATIVE B/ANY GROUP II","Subject 3
Any GROUP III","Subject 4
Any GROUP II/2nd GROUP III/ANY GROUP IV/ANY
GROUP V"
,,ENG/KIS – B (PLAIN),,,
,,Bachelor of Laws (LL.B.),,,
2,,"Subject 1
ENG/KIS
ENG/KIS","Subject 2
MAT ALTERNATIVE A/B","Subject 3
Any GROUP II or any GROUP III","Subject 4
A GROUP II or a GROUP III or any GROUP IV or
any GROUP V"
,2A,,"MAT ALTERNATIVE A/B -
C (PLAIN)",,
,,,,,
DEGREE PROGRAMMES CLUSTERS,,,,,
CLUSTER,"SUB-
PROGRAMMES AND SUBJECT REQUIREMENTS
CLUSTER",,,,
,,"Subject 1
ENG/KIS","Subject 2
MAT ALTERNATIVE A/B","Subject 3
Any GROUP II or any GROUP III","Subject 4
A GROUP II or a GROUP III or any GROUP IV or
any GROUP V"
,2B,"Bachelor of Project Planning and Management Bachelor of Hotel & Hospitality Management
Bachelor of Science (Project Planning Management) Bachelor of Hotel Management
Bachelor of Science in Project Management Bachelor of Hotels and Hospitality Management
Bachelor of Human Resources Management Bachelor of Catering & Hospitality Management
Bachelor of Science (Human Resource Management) Bachelor of Science (Ecotourism & Hospitality Management)
Bachelor of Human Resource Management Bachelor of Science in Ecotourism
Bachelor of Science in Human Resource Management, With IT Bachelor of Eco-tourism and Hospitality Management
Bachelor of Science (Eco-tourism, Hotel and Institution Management, With IT)
Bachelor of Science (Hospitality & Tourism Management)
Bachelor of Science (Hospitality Management)
Bachelor of Sustainable Tourism & Hospitality Management
Bachelor of Tourism & Hotel Management
Bachelor of Travel & Tours Operations Management
Bachelor of Science in Travel and Tourism
Management
Bachelor of Catering & Hotel Management
Bachelor of Hotel and Hospitality Management
Bachelor of International Tourism Management
Bachelor of Science (Hospitality and Tourism Management)
Bachelor of Science (Tourism Management)
Bachelor of Science in Hospitality Management
Bachelor of Technology (Institutional Catering and Accommodation)
Bachelor of Technology in Hotel & Hospitality Management
Bachelor of Tourism Management
Bachelor of Travel and Tours Operations Management
Bachelor of Science (Food Operations Management)
Bachelor of Science in Food Service and Hospitality Management
Bachelor of Science (Food Service and Hospitality Management)",,,
3,,"Subject 1
ENG/KIS","Subject 2
MAT ALTERNATIVE A/B or any
GROUP II","Subject 3
Any GROUP III","Subject 4
A GROUP II or 2nd GROUP III or any GROUP IV or
any GROUP V"
,,ENG/KIS - C+,,,
,,,,,
DEGREE PROGRAMMES CLUSTERS,,,,,
CLUSTER,"SUB-
PROGRAMMES AND SUBJECT REQUIREMENTS
CLUSTER",,,,
,,,,,
,3B,ENG C+,,,
,,Bachelor of Arts (English & Communication),,,
,3C,KIS C+,,,
,,Bachelor of Arts (Kiswahili and Communication),,,
,,,,,
,,,,,
DEGREE PROGRAMMES CLUSTERS,,,,,
CLUSTER,"SUB-
PROGRAMMES AND SUBJECT REQUIREMENTS
CLUSTER",,,,
,,,,,
,3E,ARD/COMP/ENG/KIS– C+,,,
,,"Bachelor of Arts (Fine Art, With IT) Bachelor of Science (Graphic, Communication and Advertising)
Bachelor of Arts (Fine Arts) Bachelor of Science (Graphic, Comm. & Advertising)
Bachelor of Science in Gaming and Animation Technology",,,
4,,"Subject 1
MAT ALTERNATIVE A","Subject 2
PHY","Subject 3
BIO/CHE/GEO","Subject 4
A GROUP II or any GROUP III or any GROUP IV or
any GROUP V"
,4A,MAT ALTERNATIVE A - C+,PHY - C+,GEO – C (PLAIN),
,,"Bachelor of Science (Geomatic & Geospatial Information Systems) Bachelor of Applied Science (Geo-informatics)
Bachelor of Science (Geospatial Information Science and Remote Sensing) Bachelor of Science (Geomatic Engineering and Geospatial Information Systems)
Bachelor of Science (Geospatial Information Science, With IT) Bachelor of Technology (Geospatial Engineering Technology)
Bachelor of Technology (Geoinformation Technology) Bachelor of Science (Geospatial Information Science)
Bachelor of Science (Geospatial Engineering) Bachelor of Science in Geospatial Information Science
Bachelor of Engineering (Geospatial Engineering) Bachelor of Science (Spatial Management)
Bachelor of Science in Geomatic Engineering and Geospatial Information Systems",,,
,4B,MAT ALTERNATIVE A - C+,PHY - C+,GEO/CHE - C (PLAIN),
,,"Bachelor of Science (Geophysical and Mineralogy) Bachelor of Science (Earth Science, With IT)
Bachelor of Science (Meteorology) Bachelor of Science (Geology)
Bachelor of Science (Astronomy and Astrophysics) Bachelor of Science (Geophysics)
Bachelor of Science in Mining Physics (Geophysics) Bachelor of Science in Geophysics
Bachelor of Science (Hydrology and Water Resources Management)",,,
5,,"Subject 1
MAT ALTERNATIVE A","Subject 2
PHY","Subject 3
CHE","Subject 4
Subject 4 BIO or any GROUP III or any GROUP IV
or any GROUP V"
,,MAT ALTERNATIVE A - C+,PHY - C+,CHE - C+,ENG/KIS - C+
,,,,,
DEGREE PROGRAMMES CLUSTERS,,,,,
CLUSTER,"SUB-
PROGRAMMES AND SUBJECT REQUIREMENTS
CLUSTER",,,,
,,"Bachelor of Engineering (Mechanical and Production Bachelor of Science (Mechanical Engineering)
Engineering)
Bachelor of Engineering (Mechanical Engineering) Bachelor of Engineering (Industrial and Textile Engineering)
Bachelor of Engineering (Industrial and Textile Engineering) Bachelor of Science (Electrical and Electronic Engineering)
Bachelor of Science (Mechatronic Engineering) Bachelor of Science (Aerospace Engineering)
Bachelor of Science in Electrical and Electronics Engineering Bachelor of Engineering (Chemical Engineering)
Bachelor of Science (Electrical & Electronics Engineering) Bachelor of Science (Marine Engineering)
Bachelor of Science in Water and Environmental Engineering Bachelor of Science in Marine Engineering
Bachelor of Science (Agricultural Engineering) Bachelor of Science (Petroleum Engineering)
Bahelor of Science in Mining and Mineral Process Engineering",,,
,5B,MAT ALTERNATIVE A - C (PLAIN),PHY – C (PLAIN),CHE - C+,
,,"Bachelor of Science (Analytical Chemistry With Management) Bachelor of Science (Industrial Chemistry With Management)
Bachelor of Science in Analytical Chemistry Bachelor of Science (Industrial Chemistry, With IT)
Bachelor of Science (Analytical Chemistry) Bachelor of Science in Industrial Chemistry
Bachelor of Science in Analytical Chemistry With Computing Bachelor of Science (Industrial Chemistry)
Bachelor of Science Chemistry (Inorganic, Physical and Organic Options) Bachelor of Science (Petroleum Chemistry)
Bachelor of Technology in Applied Chemistry (Analytical & Industrial Options) Bachelor of Technology (Industrial and Applied Chemistry)",,,
,5C,MAT ALTERNATIVE A - C (PLAIN),PHY – C (PLAIN),CHE – C (PLAIN),
,,,,,
,5D,MAT ALTERNATIVE A - C+,PHY - C+,CHE - C+,BIO - C+
,,"Bachelor of Science (Agricultural and Biosystems Engineering)
Bachelor of Engineering (Agricultural & Bio-systems Engineering)
Bachelor of Science (Agricultural & Bio-systems Engineering)
Bachelor of Science in Agricultural and Biosystems Engineering",,,
,5E,MAT ALTERNATIVE A - C+,PHY - C+,CHE - C+,
,,,,,
,,ENG - C (PLAIN),PHY - C+,MAT ALTERNATIVE A & CHE - C+,
,,,,,
DEGREE PROGRAMMES CLUSTERS,,,,,
CLUSTER,"SUB-
PROGRAMMES AND SUBJECT REQUIREMENTS
CLUSTER",,,,
,,"Bachelor of Education Technical and Vocational Education
Bachelor of Education (ICT)
Bachelor of Education (Technology)
Bachelor of Education (Technology Education)",,,
6,,"Subject 1
MAT ALTERNATIVE A","Subject 2
PHY","Subject 3
Any GROUP III","Subject 4
2nd GROUP II or 2nd GROUP III or any GROUP IV
or any GROUP V"
,6A,MAT ALTERNATIVE A - C+,PHY - C+,ENG/KIS - C+,
,,"Bachelor of Architectural Studies/Bachelor of Architecture Bachelor of Quantity Surveying
Bachelor of Architecture Bachelor of Science (Quantity Surveying)
Bachelor of Architectural Technology
Bachelor of Landscape Architecture",,,
,6B,MAT ALTERNATIVE A - C (Plain),ENG/KIS - C+,GEO – C (PLAIN),
,,"Bachelor of Arts (Planning) Bachelor of Construction Management
Bachelor of Arts (Spatial Planning) Bachelor of Science (Construction Management)
Bachelor of Arts (Design) Bachelor of The Built Environment (Construction Management)
Bachelor of Technology (Design) Bachelor of The Built Environment (Urban and Regional Planning)
Bachelor of Technology (Building Construction) Bachelor of Arts (Urban and Regional Planning, With IT)
Bachelor of Science (Urban Design and Development)",,,
,6C,MAT ALTERNATIVE A - C+,,,
,,"Bachelor of Real Estate
Bachelor of Science (Real Estate)
Bachelor of Technology (Real Estate and Property Management)
Bachelor of Science (Land Administration)",,,
7,,"Subject 1
MAT ALTERNATIVE A","Subject 2
PHY","Subject 3
2nd GROUP II or any GROUP III","Subject 4
A GROUP II or a GROUP III or any GROUP IV or
any GROUP V"
,7A,MAT ALTERNATIVE A - C+,PHY - C +,ENG/KIS - C (PLAIN),
,,"Bachelor of Science (Computer Science) Bachelor of Science (Mathematics & Computer Science)
Bachelor of Science in Computer Science Bachelor of Science (Mathematics and Computer Science)
Bachelor of Science (Applied Computer Science) Bachelor of Science in Mathematics & Computer Science
Bachelor of Science in Applied Computer Science Bachelor of Science (Maths and Computer Science)
Bachelor of Science in Applied Physics and Computer Science Bachelor of Science in Mathematics and Computer Science
Bachelor of Science in Software Engineering Bachelor of Science in Statistics & Computer Science
Bachelor of Science (Computer Technology) Bachelor of Technology (Communication and Computer Networks)
Bachelor of Science in Computer Technology Bachelor of Applied Computer Science
Bachelor of Technology (Computer Technology) Bachelor of Science (Computer Security and Forensics)
Bachelor of Science in Computer Information Systems Bachelor of Science in Computer Security and Forensics",,,
,,MAT ALTERNATIVE A - C+,PHY - C (PLAIN),ENG/KIS - C (PLAIN),
,,,,,
DEGREE PROGRAMMES CLUSTERS,,,,,
CLUSTER,"SUB-
PROGRAMMES AND SUBJECT REQUIREMENTS
CLUSTER",,,,
,,Bachelor of Science Statistics and Information Technology,,,
,7C,MAT ALTERNATIVE A - C (PLAIN),ENG/KIS - C (PLAIN),,
,,"Bachelor of Information Technology
Bachelor of Science (Information Technology)
Bachelor of Science in Information Technology
Bachelor of Technology (Information Technology)
Bachelor of Technology in Information Technology
Bachelor of Science (Information and Communication
Technology)
Bachelor of Technology in Information & Communication
Technology",,,
8,,"Subject 1
MAT ALTERNATIVE A","Subject 2
BIO","Subject 3
PHY or CHE","Subject 4
3rd GROUP II or any GROUP III or any GROUP IV
or any GROUP V"
,8A,MAT ALTERNATIVE A - C(PLAIN),"BIO - C (PLAIN)/AGRIC - C+/BST
- C+",,
,,"Bachelor of Science (Agribusiness) Bachelor of Science (Agricultural Economics & Resource Management)
Bachelor of Agribusiness Management Bachelor of Science (Agricultural Economics, With IT)
Bachelor of Science (Agribusiness Management) Bachelor of Science (Agribusiness Economics and Food Industry Management)
Bachelor of Science Agribusiness Management Bachelor of Science (Agricultural Economics and Rural Development)
Bachelor of Science (Agricultural Resource Management) Bachelor of Science in Agricultural Economics and Rural Development
Bachelor of Science in Agribusiness Management and Bachelor of Science (Agricultural Economics and Resource Management)
Marketing
Bachelor of Science in Agribusiness Management Bachelor of Science (Agricultural Economics)
Bachelor of Science in Agricultural Resource Economics and Bachelor of Science (Agricultural Economics and Resource Management)
Management
Bachelor of Science Agribusiness Management and Enterprise Bachelor of Science (Agriculture Economics & Resource Management)
Development
Bachelor of Science (Agribusiness Management) Bachelor of Science in Agricultural Economics
Bachelor of Science (Agri Business Management) Bachelor of Science in Agricultural Resource Management
Bachelor of Science (Agribusiness Management & Trade)
Bachelor of Science in Agribusiness Management and Trade
Bachelor of Science (Agribusiness Management, With IT)",,,
9,,"Subject 1
MAT ALTERNATIVE A","Subject 2
any GROUP II","Subject 3
2nd GROUP II","Subject 4
3rd GROUP II or any GROUP III or any GROUP IV
or any GROUP V"
,9A,MAT ALTERNATIVE A - C (PLAIN),BIO/CHE/PHY - C (PLAIN),BIO/PHY/CHE - C (PLAIN),
,,"Bachelor of Science
Bachelor of Science (Basic Science, With IT)
Bachelor of Science (B.sc)
Bsc (Science)",,,
,,MAT ALTERNATIVE A - C (PLAIN),BIO - C+,CHE – C (PLAIN),
,,,,,
DEGREE PROGRAMMES CLUSTERS,,,,,
CLUSTER,"SUB-
PROGRAMMES AND SUBJECT REQUIREMENTS
CLUSTER",,,,
,,,,,
,9C,MAT ALTERNATIVE A - C (PLAIN),PHY - C+,,
,,"Bachelor of Science (Physics)
Bachelor of Science in Physics
Bachelor of Science (Physics, With IT)
Bachelor of Technology (Technical and Applied Physics)
Bachelor of Technology in Applied Physics (Electronics & Instrumentation",,,
,9D,MAT ALTERNATIVE A - C (PLAIN),CHE - C+,,
,,"Bachelor of Science (Chemistry)
Bachelor of Science in Chemistry
Bachelor of Science (Environmental Chemistry)",,,
10,,"Subject 1
MAT ALTERNATIVE A","Subject 2
Any GROUP II","Subject 3
Any GROUP III","Subject 4
2nd GROUP II or 2nd GROUP III or a GROUP IV or
any GROUP V"
,10A,MAT ALTERNATIVE A - C+,ENG/KIS - C+,,
,,Bachelor of Science (Accountancy),,,
,10B,MAT ALTERNATIVE A - C+,ENG/KIS - C (PLAIN),,
,,"Bachelor of Economics
Bachelor of Science in Economics
Bachelor of Science in Economics & Statistics
Bachelor of Economics & Statistics
Bachelor of Economics and Statistics
Bachelor of Science (Economics and Statistics)
Bachelor of Science (Economics & Statistics)
Bachelor of Science (Mathematics and Economics)
Bachelor of Science in Mathematics and Economics
Bachelor of Science (Mathematics & Business Studies, With IT)
Bachelor of Economics & Finance
Bachelor of Economics (Economics & Finance, With IT)
Bachelor of Economics and Finance
Bachelor of Science in Finance
Bachelor of Science (Finance)",,"Bachelor of Arts (Economics & Sociology)
Bachelor of Arts (Economics and Sociology)
Bachelor of Arts in Economics and Sociology
Bachelor of Arts (Economics)
Bachelor of Arts in Economics
Bachelor of Arts (Economics, With IT)
Bachelor of Arts (History & Economics)
Bachelor of Arts (History and Economics)
Bachelor of Science (Financial Engineering)
Bachelor of Science in Mathematics and Finance and Statistics)
Bachelor of Science (Mathematics & Economics, With IT
Bachelor of Science in Financial Economics
Bachelor of Science in Mathematics and Finance
Bachelor of Science (Operations Research)",
,,MAT ALTERNATIVE A - C+,,,
,,,,,
DEGREE PROGRAMMES CLUSTERS,,,,,
CLUSTER,"SUB-
PROGRAMMES AND SUBJECT REQUIREMENTS
CLUSTER",,,,
,,"Bachelor of Science in Applied Statistics Bachelor of Science (Mathematics)
Bachelor of Technology (Applied Statistics) Bachelor of Science in Mathematics
Bachelor of Science (Statistics) Bachelor of Arts (History and Economics)",,,
,,,,Bachelor of Arts (History and Economics),
11,,"Subject 1
CHE","Subject 2
MAT ALTERNATIVE A/B or PHY","Subject 3
BIO/HSC","Subject 4
ENG/KIS or any GROUP III or a GROUP IV or any
GROUP V"
,11A,CHE – C (PLAIN),,,
,,"Bachelor of Arts (Interior Design, With IT) Bachelor of Arts (Textiles, Apparel Design and Fashion Merchandising, With IT)
Bachelor of Science (Apparel & Fashion Technology) Bachelor of Science (Clothing Textile & Interior Design)
Bachelor of Science (Fashion Design & Marketing) Bachelor of Science (Fashion Design and Textile Technology)
Bachelor of Science in Fashion Design and Marketing",,,
12,,"Subject 1
BIO/GSC","Subject 2
MAT ALTERNATIVE A/B","Subject 3
Any GROUP II or any GROUP III","Subject 4
ENG/KIS or a GROUP II or a GROUP III or any
GROUP IV or any GROUP V"
,12A,BIO/GSC – C (PLAIN),,,
,,"Bachelor of Science (Health Promotion and Sports Science)
Bachelor of Science (Exercise & Sport Science)
Bachelor of Science (Recreation and Sports Management)
Bachelor of Sports Science & Management
Bachelor of Sports Management",,,
13,,"Subject 1
BIO","Subject 2
CHE","Subject 3
MAT ALTERNATIVE A/PHY","Subject 4
ENG/KIS or 3rd GROUP II or any GROUP III or any
GROUP IV or any GROUP V"
,13A,BIO – B (PLAIN),CHE – B (PLAIN),MAT ALTERNATIVE A/PHY – B (PLAIN),ENG/KIS – B (PLAIN)
,,"Bachelor of Dental Surgery Bachelor of Medicine & Bachelor of Surgery
Bachelor of Medicine & Bachelor of Surgery (M.B.Ch.B) Bachelor of Medicine and Bachelor of Surgery
Bachelor of Medicine and Bachelor of Surgery (M.B.Ch.B) Bachelor of Medicine and Bachelor of Surgery (With IT)",,,
,13B,BIO - C+,CHE - C+,MAT ALTERNATIVE A/PHY - C+,ENG/KIS - C+
,,"Bachelor of Pharmacy Bachelor of Science (Nursing, With IT)
Bachelor of Science (Pharmaceutical Sciences, With IT) Bachelor of Science (Nursing)
Bachelor of Science (Environmental Health) Bachelor of Science in Nursing
Bachelor of Science in Environmental Health Bachelor of Science (Nursing Science)
Bachelor of Science in Environmental Health Sciences (Public Bachelor of Science (Medical Laboratory Science & Technology)
Health)
Bachelor of Science (Optometry and Vision Sciences) Bachelor of Science (Medical Laboratory Sciences)
Bachelor of Science (Physical Therapy) Bachelor of Science (Medical Laboratory)
Bachelor of Physiotherapy Bachelor of Science in Medical Laboratory Sciences
Bachelor of Science in Physiotherapy Bachelor of Technology (Medical Laboratory Science)
Bachelor of Science (Public Health, With IT) Bachelor of Science in Clinical Medicine and Community Health
Bachelor of Science in Public Health Bachelor of Science Clinical Medicine
Bachelor of Science (Public Health) Bachelor of Science in Clinical Medicine, Surgery and Community Health
Bachelor of Science in Public Health Bachelor of Science in Midwifery with Reproductive Health",,,
,,BIO - C (PLAIN),CHE - C (PLAIN),MAT ALTERNATIVE A/PHY - C (PLAIN),ENG/KIS - C (PLAIN)
,,,,,
DEGREE PROGRAMMES CLUSTERS,,,,,
CLUSTER,"SUB-
PROGRAMMES AND SUBJECT REQUIREMENTS
CLUSTER",,,,
,,"Bachelor of Science in Global Health and Emporiatrics
Bachelor of Science in Health Systems Management
Bachelor of Health Services Management
Bachelor of Science (Health Records and Informatics)
Bachelor of Science in Health Records and Information Management",,,
,13D,BIO - C+,CHE - C+,MAT ALTERNATIVE A/PHY/AGRIC- C+,
,,Bachelor of Veterinary Medicine,,,
,13E,BIO - C+,MAT ALTERNATIVE A - C+,,
,,"Bachelor of Science (Biostatistics)
Bachelor of Science in Biostatistics
Bachelor of Science in Epidemiology and Biostatistics",,,
,13F,BIO - C+,MAT ALTERNATIVE A/PHY - C+,,
,,"Bachelor of Science (Biomedical Science and Technology
Bachelor of Science in Biomedical Science and Technology
Bachelor of Science (Biomedical Science & Technology)
Bachelor of Science (Laboratory Sciences)
Bachelor of Technology (Science Laboratory Technology)
Bachelor of Science (Medical Psychology)",,,
14,,"Subject 1
HAG - C+","Subject 2
ENG/KIS","Subject 3
MAT ALTERNATIVE A/B or any GROUP II","Subject 4
A GROUP II or 2nd GROUP III or any GROUP IV or
any GROUP V"
,14A,HAG - C+,,,
,,"Bachelor of Arts History and Archaeology)
Bachelor of Arts (History)
Bachelor of Arts (History and Archaeology, With IT)
Bachelor of Arts in History & International Studies",,,
15,,"Subject 1
BIO","Subject 2
CHE","Subject 3
MAT ALTERNATIVE A/PHY/GEO","Subject 4
ENG/KIS or 3rd GROUP II or a GROUP III or any
GROUP IV or any GROUP V"
,15A,BIO - C+,"CHE/MAT ALTERNATIVE A/PHY-
C+",,
,,"Bachelor of Science (Animal Health & Production) Bachelor of Science (Animal Health and Production)
Bachelor of Science (Animal Health, Production & Processing Bachelor of Science (Animal Production & Health Management)
Bachelor of Science in Animal Health Management Bachelor of Science in Animal Production
Bachelor of Science in Applied Animal Laboratory Science",,,
,15B,BIO – C+,"MAT ALTERNATIVE A/PHY/CHE
– C+",,
,,"Bachelor of Science (Animal Science & Management)
Bachelor of Science (Animal Science, With IT)
Bachelor of Science in Animal Science
Bachelor of Science in Animal Science & Technology
Bachelor of Science in Animal Products Technology",,,
,15C,BIO – C (PLAIN),CHE – C (PLAIN),MAT ALTERNATIVE A/B/PHY/GEO – C (PLAIN),ENG/KIS – C (PLAIN)
,,,,,
DEGREE PROGRAMMES CLUSTERS,,,,,
CLUSTER,"SUB-
PROGRAMMES AND SUBJECT REQUIREMENTS
CLUSTER",,,,
,15D,BIO – C (PLAIN),CHE – C (PLAIN),,
,,"Bachelor of Science (Fisheries and Aquaculture Management) Bachelor of Science (Fisheries and Aquaculture, With IT)
Bachelor of Science Fisheries Management and Aquaculture Technology Bachelor of Science in Fisheries and Aquaculture
Bachelor of Science (Coastal & Marine Resource Management Bachelor of Science (Marine Biology & Fisheries)
Bachelor of Science (Fisheries & Aquatic Sciences) Bachelor of Science in Aquaculture and Fisheries Technology
Bachelor of Science in Fisheries and Oceanography Bachelor of Science in Marine Resource Management
Bachelor of Science in Maritime Management (Commercial)
Bachelor of Science (Applied Aquatic Science)",,,
,15E,BIO - C+,CHE/AGR - C+,MAT ALTERNATIVE A/PHY/GEO - C+,ENG/KIS – C (PLAIN)
,,,,,
,15F,BIO/AGRIC/HSC – C (PLAIN),CHE – C (PLAIN),MATH C - (PLAIN),
,,"Bachelor of Science (Food Processing Technology)
Bachelor of Science in Food Science & Technology
Bachelor of Science (Food Science & Technology)
Bachelor of Science (Food Science and Management)
Bachelor of Science (Food Science and Technology)
Bachelor of Science (Food Security)
Bachelor of Science in Food Technology & Quality Assurance",,,
,15G,BIO/AGR – C+,CHE/GEO – C+,,
,,"Bachelor of Environmental Science Bachelor of Technology (Environmental Resource Management
Bachelor of Environmental Studies Bachelor of Science (Environmental Management)
Bachelor of Science in Environmental Studies Bachelor of Science (Environmental Science, With IT)
Bachelor of Environmental Studies (Arts) Bachelor of Science (Environmental Science)
Bachelor of Environmental Studies (Science) Bachelor of Science in Environmental Science and Technology
Bachelor of Science in Environmental Science Bachelor of Science (Environmental Sciences)
Bachelor of Environmental (Environmental Resource Bachelor of Environmental Studies (Community Development)
Conservation)
Bachelor of Science (Bio-resources Management and Conservation) Bachelor of Environmental Planning & Development Management
Bachelor of Environmental Studies and Community Development
Bachelor of Science in Environment, Lands and Sustainable Development",,,
,,BIO - C PLAIN/AGR – C+,CHE – C (PLAIN),MATH A/PHY/GEO – C (PLAIN),
,,,,,
DEGREE PROGRAMMES CLUSTERS,,,,,
CLUSTER,"SUB-
PROGRAMMES AND SUBJECT REQUIREMENTS
CLUSTER",,,,
,,,,,
16,,"Subject 1
GEO","Subject 2
MAT ALTERNATIVE A/B","Subject 3
Any GROUP II","Subject 4
2nd GROUP II or 2nd GROUP III or any GROUP IV
or any GROUP V"
,16A,GEO - C+,,,
,,"Bachelor of Arts (Geography)
Bachelor of Science (Geography)
Bachelor of Arts (Geography and Economics)
Bachelor of Arts (Kiswahili and Geography)
Bachelor of Science (Geography and Natural Resource Management, With IT)",,,
17,,"Subject 1
FRE/GER","Subject 2
ENG/KIS","Subject 3
MAT ALTERNATIVE A/B or any GROUP II or any","Subject 4
A GROUP II or a GROUP III or any GROUP IV or"
,17A,FRE /GER - C+,,GROUP III,2nd GROUP V
,,"Bachelor of Arts (French)
Bachelor of Arts (French, With IT)
Bachelor of Arts (German)",,,
18,,"Subject 1
MUS","Subject 2
ENG/KIS","Subject 3
MAT ALTERNATIVE A/B or any GROUP II or any
GROUP III","Subject 4
A GROUP II or a GROUP III or any GROUP IV or
2nd GROUP V"
,,MUS - C+,,,
,,,,,
DEGREE PROGRAMMES CLUSTERS,,,,,
CLUSTER,"SUB-
PROGRAMMES AND SUBJECT REQUIREMENTS
CLUSTER",,,,
,,Bachelor of Music (Technology),,,
19,,"Subject 1
ENG","Subject 2
MAT ALTERNATIVE A/B or any
GROUP II","Subject 3
2nd GROUP II or any GROUP III","Subject 4
KIS or 3rd GROUP II or 2nd GROUP III or any
GROUP IV or any GROUP V"
,19A,ENG – C (PLAIN),"MAT ALTERNATIVE A – C
(PLAIN)",MAT ALTERNATIVE A/PHY/CHE/BIO - C+,MAT ALTERNATIVE A/PHY/CHE/BIO - C+
,,"Bachelor of Education (Science)
Bachelor of Education (Science, With IT)
Bachelor of Education (Science with IT)
Bachelor of Education (Agricultural Education)",,,
,19B,ENG – C (PLAIN),"MAT ALTERNATIVE A – C
(PLAIN)",MAT ALTERNATIVE A/PHY/CHE/BIO - C+,MAT ALTERNATIVE A/PHY/CHE/BIO - C+
,,Bachelor of Science with Education,,,
,19C,ENG – C (PLAIN),MAT ALTERNATIVE A/B - D+,"ENG/KIS/MAT ALTERNATIVE
A/B/HAG/GEO/CRE/IRE/HRE/SSE/HSC/ARD/CMP/
ANY GROUP 5 - C+","ENG/KIS/MAT ALTERNATIVE
A/B/HAG/GEO/CRE/IRE/HRE/SSE/HSC/ARD/CMP
/ANY GROUP 5 - C+"
,,"Bachelor of Education (Arts) Bachelor of Education (Early Childhood
Development Education)
Bachelor of Education (Arts) Fine Art Bachelor of Education (Early Childhood
Development)
Bachelor of Education (Early Childhood
Education)
Bachelor of Education (Arts) With Guidance and Counselling Bachelor of Education (Early Childhood
Education, With IT)
Bachelor of Education (Arts, With IT) Bachelor of Education (Early Childhood)
Bachelor of Education (Guidance and Counselling) Bachelor of Education in Early Childhood
Education
Bachelor of Education (Home Science and Technology) Bachelor of Education (Early Childhood
DBaecvheeloloprm oefn Et)d ucation in Early Childhood
Bachelor of Education (Library Science) Education
Bachelor of Education Arts (Home Economics) Bachelor of Education (Early Childhood
Development)
Bachelor of Education Arts Bachelor of Education (Early Childhood and
Primary Education)",,,
,19D,ENG – C (PLAIN),MAT ALTERNATIVE A/B - D+,"ENG/KIS/MAT ALTERNATIVE
A/B/HAG/GEO/CRE/IRE/HRE/SSE/HSC/ARD/CMP/
ANY GROUP 5 - C+","ENG/KIS/MAT ALTERNATIVE
A/B/HAG/GEO/CRE/IRE/HRE/SSE/HSC/ARD/CMP
/ANY GROUP 5 - C+"
,,,,,
,19E,ENG – C (PLAIN),MAT ALTERNATIVE A/B - D+,MAT ALTERNATIVE A/B / BST- C+,"ENG/KIS/MAT ALTERNATIVE
A/B/HAG/GEO/CRE/IRE/HRE/SSE/HSC/ARD/CMP
/ANY GROUP 5 - C+"
,,,,,
,,ENG - C (PLAIN),MAT ALTERNATIVE A/B - D+,BIO/GSC - C+,"ENG/KIS/MATHEMATICS ALTERNATIVE
A/B/HAG/GEO/CRE/IRE/HRE/SSE/HSC/ARD/CMP
/ANY GROUP 5 - C+"
,,,,,
DEGREE PROGRAMMES CLUSTERS,,,,,
CLUSTER,"SUB-
PROGRAMMES AND SUBJECT REQUIREMENTS
CLUSTER",,,,
,19G,ENG – C (PLAIN),MAT ALTERNATIVE A/B - D+,BIO/GSC - C+,"MAT ALTERNATIVE A/B
/2nd GROUP II/GEO - C+"
,,"Bachelor of Education (Special Needs Education - Secondary Option)
Bachelor of Education (Special Needs Education)
Bachelor of Education (Visual and Performing Arts)",,,
,19H,ENG – C (PLAIN),MAT ALTERNATIVE A/B - D+,FRENCH - C+,"ENG/KIS/MAT ALTERNATIVE
A/B/HAG/GEO/CRE/IRE/HRE/SSE/HSC/ARD/CMP
/ANY GROUP 5 - C+"
,,"Bachelor of Education (French)
Bachelor of Education (French, With IT)",,,
,19I,ENG – C (PLAIN),MAT ALTERNATIVE A/B - D+,MUSIC - C+,"ENG/KIS/MAT ALTERNATIVE
A/B/HAG/GEO/CRE/IRE/HRE/SSE/HSC/ARD/CMP
/ANY GROUP 5 - C+"
,,"Bachelor of Education (Music)
Bachelor of Education (Music, With IT)",,,
,19J,ENG – C (PLAIN),MAT ALTERNATIVE A/B - D+,GERMAN - C+,"ENG/KIS/MAT ALTERNATIVE
A/B/HAG/GEO/CRE/IRE/HRE/SSE/HSC/ARD/CMP
/ANY GROUP 5 - C+"
,,"Bachelor of Education (German)
Bachelor of Education (Arts) German",,,
20,,"Subject 1
CRE/IRE/HRE","Subject 2
ENG/KIS","Subject 3
2nd GROUP III","Subject 4
A GROUP II or a GROUP IV or any GROUP V"
,20A,CRE/IRE/HRE - C+,ENG/KIS – C (PLAIN),,
,,"Bachelor of Arts (Religion, With IT) Bachelor of Arts in Sociology and Religious Studies
Bachelor of Arts (Religious Studies) Bachelor of Arts (Theology, With IT)
Bachelor of Arts (Sociology & Religion) Bachelor of Theology
Bachelor of Arts in Intercultural Studies Bachelor of Arts in Biblical Studies
Bachelor of Arts in Islamic Studies Bachelor of Arts in Church Education Ministries
Bachelor of Arts in Islamic Sharia Bachelor of Arts in Christian Ministries",,,
